employees,21,,employ,23
covid19,19,,covid19,19
vaccinated,14,,company,17
company,12,,requir,15
reporting,11,,report,15
standards,9,,int,11
trust,9,,stat,9
principles,9,,standard,9
moderna,8,,trust,9
unvaccinated,6,,principl,9
states,6,,work,9
religious,6,,mand,8
misinformation,6,,exempt,8
require,5,,shot,8
proof,5,,modern,8
coronavirus,5,,com,7
disease,5,,inform,7
requiring,5,,unvaccin,6
mandate,5,,religy,6
medical,5,,med,6
exemptions,5,,decid,6
workers,5,,misinform,6
booster,5,,proof,5
health,5,,coronavir,5
,,,diseas,5
,,,boost,5
,,,fals,5
,,,heal,5